query_type,avg_latency,avg_retrieval_score,error_rate
engineering,1.2096276391554703,0.7442629558541267,0.030710172744721688
finance,1.2172974051896208,0.7392375249500998,0.03592814371257485
hr,1.2272233712512925,0.7483464322647363,0.028955532574974147
sales,1.1970990806945863,0.7333391215526046,0.03268641470888662
support,1.221408910891089,0.735549504950495,0.031683168316831684
